"UniqueID","Probability1"
6533,0.0793509272467903
6534,0.0793509272467903
6535,0.833046471600688
6536,0.0793509272467903
6537,0.288888888888889
6538,0.833046471600688
6539,0.833046471600688
6540,0.0161290322580645
6541,0.0793509272467903
6542,0.0793509272467903
6543,0.0793509272467903
6544,0.833046471600688
6545,0.0793509272467903
6546,0.0793509272467903
6547,0.0793509272467903
6548,0.833046471600688
6549,0.833046471600688
6550,0.0793509272467903
6551,0.288888888888889
6552,0.0793509272467903
6553,0.0793509272467903
6554,0.0793509272467903
6555,0.833046471600688
6556,0.0793509272467903
6557,0.0793509272467903
6558,0.833046471600688
6559,0.0793509272467903
6560,0.717277486910995
6561,0.0793509272467903
6562,0.0793509272467903
6563,0.0793509272467903
6564,0.0793509272467903
6565,0.0793509272467903
6566,0.0793509272467903
6567,0.0793509272467903
6568,0.833046471600688
6569,0.717277486910995
6570,0.0793509272467903
6571,0.0793509272467903
6572,0.833046471600688
6573,0.717277486910995
6574,0.833046471600688
6575,0.0793509272467903
6576,0.0793509272467903
6577,0.0793509272467903
6578,0.0793509272467903
6579,0.0793509272467903
6580,0.0793509272467903
6581,0.717277486910995
6582,0.0793509272467903
6583,0.0793509272467903
6584,0.0793509272467903
6585,0.0793509272467903
6586,0.0793509272467903
6587,0.0793509272467903
6588,0.0793509272467903
6589,0.0793509272467903
6590,0.0793509272467903
6591,0.833046471600688
6592,0.0793509272467903
6593,0.0793509272467903
6594,0.0793509272467903
6595,0.0793509272467903
6596,0.0793509272467903
6597,0.0793509272467903
6598,0.0793509272467903
6599,0.0793509272467903
6600,0.0793509272467903
6601,0.0793509272467903
6602,0.0793509272467903
6603,0.0793509272467903
6604,0.0793509272467903
6605,0.0793509272467903
6606,0.717277486910995
6607,0.0793509272467903
6608,0.833046471600688
6609,0.833046471600688
6610,0.0793509272467903
6611,0.0793509272467903
6612,0.0793509272467903
6613,0.0793509272467903
6614,0.0793509272467903
6615,0.0793509272467903
6616,0.0793509272467903
6617,0.0793509272467903
6618,0.0793509272467903
6619,0.0793509272467903
6620,0.0793509272467903
6621,0.0793509272467903
6622,0.0793509272467903
6623,0.0793509272467903
6624,0.0793509272467903
6625,0.0793509272467903
6626,0.0793509272467903
6627,0.0793509272467903
6628,0.0793509272467903
6629,0.0793509272467903
6630,0.0793509272467903
6631,0.0793509272467903
6632,0.0793509272467903
6633,0.288888888888889
6634,0.0793509272467903
6635,0.0793509272467903
6636,0.0793509272467903
6637,0.0793509272467903
6638,0.0793509272467903
6639,0.0793509272467903
6640,0.0793509272467903
6641,0.0793509272467903
6642,0.0793509272467903
6643,0.0793509272467903
6644,0.0793509272467903
6645,0.0161290322580645
6646,0.288888888888889
6647,0.0793509272467903
6648,0.0793509272467903
6649,0.0793509272467903
6650,0.717277486910995
6651,0.0793509272467903
6652,0.0793509272467903
6653,0.0793509272467903
6654,0.0793509272467903
6655,0.0793509272467903
6656,0.0793509272467903
6657,0.0793509272467903
6658,0.0793509272467903
6659,0.0793509272467903
6660,0.0793509272467903
6661,0.0793509272467903
6662,0.0793509272467903
6663,0.0793509272467903
6664,0.0793509272467903
6665,0.0793509272467903
6666,0.0793509272467903
6667,0.0793509272467903
6668,0.0793509272467903
6669,0.0793509272467903
6670,0.833046471600688
6671,0.833046471600688
6672,0.0793509272467903
6673,0.0793509272467903
6674,0.0793509272467903
6675,0.0793509272467903
6676,0.0793509272467903
6677,0.0793509272467903
6678,0.0793509272467903
6679,0.0793509272467903
6680,0.717277486910995
6681,0.0793509272467903
6682,0.0793509272467903
6683,0.0793509272467903
6684,0.0793509272467903
6685,0.0793509272467903
6686,0.0793509272467903
6687,0.0793509272467903
6688,0.717277486910995
6689,0.0793509272467903
6690,0.0793509272467903
6691,0.0793509272467903
6692,0.0793509272467903
6693,0.0793509272467903
6694,0.833046471600688
6695,0.0793509272467903
6696,0.0793509272467903
6697,0.833046471600688
6698,0.0793509272467903
6699,0.0793509272467903
6700,0.0793509272467903
6701,0.0793509272467903
6702,0.0793509272467903
6703,0.0793509272467903
6704,0.0793509272467903
6705,0.0793509272467903
6706,0.0793509272467903
6707,0.0793509272467903
6708,0.0793509272467903
6709,0.0793509272467903
6710,0.0793509272467903
6711,0.0793509272467903
6712,0.0793509272467903
6713,0.0793509272467903
6714,0.0793509272467903
6715,0.0793509272467903
6716,0.0793509272467903
6717,0.0793509272467903
6718,0.0793509272467903
6719,0.0793509272467903
6720,0.833046471600688
6721,0.0793509272467903
6722,0.0793509272467903
6723,0.833046471600688
6724,0.0793509272467903
6725,0.0793509272467903
6726,0.0793509272467903
6727,0.0161290322580645
6728,0.833046471600688
6729,0.0793509272467903
6730,0.0793509272467903
6731,0.0793509272467903
6732,0.0793509272467903
6733,0.0793509272467903
6734,0.0793509272467903
6735,0.0793509272467903
6736,0.0793509272467903
6737,0.0793509272467903
6738,0.0793509272467903
6739,0.0793509272467903
6740,0.0793509272467903
6741,0.0793509272467903
6742,0.0793509272467903
6743,0.0793509272467903
6744,0.0793509272467903
6745,0.0793509272467903
6746,0.0793509272467903
6747,0.0793509272467903
6748,0.0793509272467903
6749,0.0793509272467903
6750,0.833046471600688
6751,0.0793509272467903
6752,0.0793509272467903
6753,0.0793509272467903
6754,0.0793509272467903
6755,0.0793509272467903
6756,0.0793509272467903
6757,0.0793509272467903
6758,0.0793509272467903
6759,0.0793509272467903
6760,0.0793509272467903
6761,0.0793509272467903
6762,0.0793509272467903
6763,0.0793509272467903
6764,0.833046471600688
6765,0.0793509272467903
6766,0.0793509272467903
6767,0.0793509272467903
6768,0.0793509272467903
6769,0.0793509272467903
6770,0.0793509272467903
6771,0.0793509272467903
6772,0.0793509272467903
6773,0.0793509272467903
6774,0.0793509272467903
6775,0.0793509272467903
6776,0.0793509272467903
6777,0.0793509272467903
6778,0.0793509272467903
6779,0.0793509272467903
6780,0.833046471600688
6781,0.0793509272467903
6782,0.0793509272467903
6783,0.0793509272467903
6784,0.0793509272467903
6785,0.0793509272467903
6786,0.0793509272467903
6787,0.717277486910995
6788,0.0793509272467903
6789,0.0793509272467903
6790,0.0793509272467903
6791,0.0793509272467903
6792,0.0793509272467903
6793,0.0793509272467903
6794,0.0793509272467903
6795,0.0793509272467903
6796,0.0793509272467903
6797,0.0793509272467903
6798,0.0793509272467903
6799,0.0793509272467903
6800,0.0793509272467903
6801,0.0793509272467903
6802,0.0793509272467903
6803,0.0793509272467903
6804,0.0793509272467903
6805,0.0793509272467903
6806,0.0793509272467903
6807,0.0793509272467903
6808,0.833046471600688
6809,0.0793509272467903
6810,0.833046471600688
6811,0.0793509272467903
6812,0.0793509272467903
6813,0.0793509272467903
6814,0.0793509272467903
6815,0.0793509272467903
6816,0.0793509272467903
6817,0.0793509272467903
6818,0.0793509272467903
6819,0.833046471600688
6820,0.0793509272467903
6821,0.0793509272467903
6822,0.0793509272467903
6823,0.0793509272467903
6824,0.0793509272467903
6825,0.833046471600688
6826,0.0793509272467903
6827,0.0793509272467903
6828,0.0793509272467903
6829,0.0793509272467903
6830,0.0793509272467903
6831,0.0793509272467903
6832,0.0793509272467903
6833,0.0793509272467903
6834,0.0793509272467903
6835,0.833046471600688
6836,0.0793509272467903
6837,0.0793509272467903
6838,0.0161290322580645
6839,0.0793509272467903
6840,0.0793509272467903
6841,0.0793509272467903
6842,0.0793509272467903
6843,0.0793509272467903
6844,0.833046471600688
6845,0.833046471600688
6846,0.0793509272467903
6847,0.0793509272467903
6848,0.0793509272467903
6849,0.0793509272467903
6850,0.0793509272467903
6851,0.0793509272467903
6852,0.717277486910995
6853,0.0793509272467903
6854,0.0793509272467903
6855,0.0793509272467903
6856,0.0793509272467903
6857,0.0793509272467903
6858,0.0793509272467903
6859,0.717277486910995
6860,0.0793509272467903
6861,0.0793509272467903
6862,0.0793509272467903
6863,0.0793509272467903
6864,0.0793509272467903
6865,0.0793509272467903
6866,0.717277486910995
6867,0.0793509272467903
6868,0.0793509272467903
6869,0.0793509272467903
6870,0.0793509272467903
6871,0.0793509272467903
6872,0.0793509272467903
6873,0.0793509272467903
6874,0.0793509272467903
6875,0.0793509272467903
6876,0.0793509272467903
6877,0.0793509272467903
6878,0.288888888888889
6879,0.0793509272467903
6880,0.0793509272467903
6881,0.0793509272467903
6882,0.0793509272467903
6883,0.0793509272467903
6884,0.0793509272467903
6885,0.833046471600688
6886,0.0793509272467903
6887,0.0793509272467903
6888,0.0793509272467903
6889,0.0793509272467903
6890,0.0793509272467903
6891,0.0793509272467903
6892,0.0793509272467903
6893,0.0793509272467903
6894,0.0793509272467903
6895,0.0793509272467903
6896,0.0793509272467903
6897,0.0793509272467903
6898,0.0793509272467903
6899,0.0793509272467903
6900,0.0793509272467903
6901,0.0793509272467903
6902,0.0793509272467903
6903,0.0793509272467903
6904,0.833046471600688
6905,0.0793509272467903
6906,0.0793509272467903
6907,0.0793509272467903
6908,0.0793509272467903
6909,0.0793509272467903
6910,0.0793509272467903
6911,0.0793509272467903
6912,0.0793509272467903
6913,0.0793509272467903
6914,0.0793509272467903
6915,0.0793509272467903
6916,0.0793509272467903
6917,0.0793509272467903
6918,0.0793509272467903
6919,0.0793509272467903
6920,0.0793509272467903
6921,0.833046471600688
6922,0.0793509272467903
6923,0.0793509272467903
6924,0.0793509272467903
6925,0.0793509272467903
6926,0.0793509272467903
6927,0.717277486910995
6928,0.0793509272467903
6929,0.0793509272467903
6930,0.0793509272467903
6931,0.0793509272467903
6932,0.0793509272467903
6933,0.0793509272467903
6934,0.833046471600688
6935,0.833046471600688
6936,0.0793509272467903
6937,0.0793509272467903
6938,0.0793509272467903
6939,0.0793509272467903
6940,0.717277486910995
6941,0.0793509272467903
6942,0.0793509272467903
6943,0.833046471600688
6944,0.0793509272467903
6945,0.0793509272467903
6946,0.0793509272467903
6947,0.0793509272467903
6948,0.0793509272467903
6949,0.0793509272467903
6950,0.0793509272467903
6951,0.0793509272467903
6952,0.0793509272467903
6953,0.0793509272467903
6954,0.0793509272467903
6955,0.0793509272467903
6956,0.833046471600688
6957,0.0793509272467903
6958,0.0793509272467903
6959,0.0793509272467903
6960,0.0793509272467903
6961,0.0793509272467903
6962,0.0793509272467903
6963,0.0793509272467903
6964,0.0793509272467903
6965,0.0793509272467903
6966,0.0793509272467903
6967,0.717277486910995
6968,0.0793509272467903
6969,0.0793509272467903
6970,0.0793509272467903
6971,0.0793509272467903
6972,0.0793509272467903
6973,0.0793509272467903
6974,0.0793509272467903
6975,0.0793509272467903
6976,0.0793509272467903
6977,0.0793509272467903
6978,0.0793509272467903
6979,0.0793509272467903
6980,0.0793509272467903
6981,0.0793509272467903
6982,0.0793509272467903
6983,0.0793509272467903
6984,0.0793509272467903
6985,0.0793509272467903
6986,0.0793509272467903
6987,0.0793509272467903
6988,0.0793509272467903
6989,0.0793509272467903
6990,0.833046471600688
6991,0.0793509272467903
6992,0.0793509272467903
6993,0.0793509272467903
6994,0.0793509272467903
6995,0.0793509272467903
6996,0.0793509272467903
6997,0.0793509272467903
6998,0.0793509272467903
6999,0.0793509272467903
7000,0.0793509272467903
7001,0.0793509272467903
7002,0.833046471600688
7003,0.833046471600688
7004,0.288888888888889
7005,0.833046471600688
7006,0.0793509272467903
7007,0.0793509272467903
7008,0.0793509272467903
7009,0.717277486910995
7010,0.0793509272467903
7011,0.0793509272467903
7012,0.717277486910995
7013,0.0793509272467903
7014,0.0793509272467903
7015,0.0793509272467903
7016,0.0793509272467903
7017,0.0793509272467903
7018,0.0793509272467903
7019,0.0793509272467903
7020,0.0161290322580645
7021,0.717277486910995
7022,0.833046471600688
7023,0.833046471600688
7024,0.833046471600688
7025,0.0793509272467903
7026,0.833046471600688
7027,0.0793509272467903
7028,0.0793509272467903
7029,0.0793509272467903
7030,0.0793509272467903
7031,0.0793509272467903
7032,0.0793509272467903
7033,0.0793509272467903
7034,0.0793509272467903
7035,0.0793509272467903
7036,0.0793509272467903
7037,0.833046471600688
7038,0.0793509272467903
7039,0.0793509272467903
7040,0.0793509272467903
7041,0.0793509272467903
7042,0.0793509272467903
7043,0.0793509272467903
7044,0.0793509272467903
7045,0.0793509272467903
7046,0.0793509272467903
7047,0.833046471600688
7048,0.717277486910995
7049,0.0793509272467903
7050,0.0793509272467903
7051,0.0793509272467903
7052,0.0793509272467903
7053,0.0793509272467903
7054,0.0793509272467903
7055,0.0793509272467903
7056,0.0793509272467903
7057,0.0793509272467903
7058,0.0793509272467903
7059,0.0793509272467903
7060,0.0793509272467903
7061,0.833046471600688
7062,0.0793509272467903
7063,0.0793509272467903
7064,0.0793509272467903
7065,0.0793509272467903
7066,0.0793509272467903
7067,0.0793509272467903
7068,0.0793509272467903
7069,0.0793509272467903
7070,0.0793509272467903
7071,0.0793509272467903
7072,0.833046471600688
7073,0.0793509272467903
7074,0.0793509272467903
7075,0.0793509272467903
7076,0.0793509272467903
7077,0.0793509272467903
7078,0.0793509272467903
7079,0.0793509272467903
7080,0.0793509272467903
7081,0.288888888888889
7082,0.833046471600688
7083,0.0793509272467903
7084,0.833046471600688
7085,0.0793509272467903
7086,0.0793509272467903
7087,0.833046471600688
7088,0.0793509272467903
7089,0.0793509272467903
7090,0.0793509272467903
7091,0.0793509272467903
7092,0.0793509272467903
7093,0.0793509272467903
7094,0.0793509272467903
7095,0.0793509272467903
7096,0.0793509272467903
7097,0.833046471600688
7098,0.0793509272467903
7099,0.0793509272467903
7100,0.0793509272467903
7101,0.0793509272467903
7102,0.0793509272467903
7103,0.0793509272467903
7104,0.0793509272467903
7105,0.0793509272467903
7106,0.0793509272467903
7107,0.0793509272467903
7108,0.0793509272467903
7109,0.0793509272467903
7110,0.0793509272467903
7111,0.0793509272467903
7112,0.0793509272467903
7113,0.0793509272467903
7114,0.0793509272467903
7115,0.0793509272467903
7116,0.0793509272467903
7117,0.0793509272467903
7118,0.0793509272467903
7119,0.0793509272467903
7120,0.833046471600688
7121,0.0793509272467903
7122,0.0793509272467903
7123,0.0793509272467903
7124,0.0793509272467903
7125,0.0793509272467903
7126,0.0793509272467903
7127,0.0793509272467903
7128,0.0793509272467903
7129,0.0793509272467903
7130,0.0793509272467903
7131,0.833046471600688
7132,0.0793509272467903
7133,0.0793509272467903
7134,0.0161290322580645
7135,0.0793509272467903
7136,0.0793509272467903
7137,0.0793509272467903
7138,0.0793509272467903
7139,0.0793509272467903
7140,0.0793509272467903
7141,0.833046471600688
7142,0.0793509272467903
7143,0.0793509272467903
7144,0.0793509272467903
7145,0.717277486910995
7146,0.0793509272467903
7147,0.0793509272467903
7148,0.833046471600688
7149,0.0793509272467903
7150,0.833046471600688
7151,0.0793509272467903
7152,0.0793509272467903
7153,0.0793509272467903
7154,0.0793509272467903
7155,0.0793509272467903
7156,0.0793509272467903
7157,0.0793509272467903
7158,0.0793509272467903
7159,0.0793509272467903
7160,0.0793509272467903
7161,0.0793509272467903
7162,0.0793509272467903
7163,0.0793509272467903
7164,0.0793509272467903
7165,0.0793509272467903
7166,0.0793509272467903
7167,0.0793509272467903
7168,0.0793509272467903
7169,0.0793509272467903
7170,0.0793509272467903
7171,0.0793509272467903
7172,0.0793509272467903
7173,0.0793509272467903
7174,0.0793509272467903
7175,0.0793509272467903
7176,0.0793509272467903
7177,0.0793509272467903
7178,0.717277486910995
7179,0.0793509272467903
7180,0.717277486910995
7181,0.0793509272467903
7182,0.0793509272467903
7183,0.0793509272467903
7184,0.0793509272467903
7185,0.717277486910995
7186,0.0793509272467903
7187,0.0793509272467903
7188,0.0793509272467903
7189,0.0793509272467903
7190,0.0793509272467903
7191,0.0793509272467903
7192,0.0793509272467903
7193,0.0793509272467903
7194,0.0793509272467903
7195,0.0793509272467903
7196,0.0793509272467903
7197,0.0793509272467903
7198,0.0793509272467903
7199,0.0793509272467903
7200,0.0793509272467903
7201,0.0793509272467903
7202,0.0793509272467903
7203,0.0793509272467903
7204,0.0793509272467903
7205,0.0793509272467903
7206,0.0793509272467903
7207,0.0793509272467903
7208,0.288888888888889
7209,0.0793509272467903
7210,0.0793509272467903
7211,0.0793509272467903
7212,0.0161290322580645
7213,0.0793509272467903
7214,0.0793509272467903
7215,0.0793509272467903
7216,0.0793509272467903
7217,0.0793509272467903
7218,0.833046471600688
7219,0.0793509272467903
7220,0.0793509272467903
7221,0.0793509272467903
7222,0.0793509272467903
7223,0.0793509272467903
7224,0.0793509272467903
7225,0.0793509272467903
7226,0.0793509272467903
7227,0.0793509272467903
7228,0.0793509272467903
7229,0.833046471600688
7230,0.0793509272467903
7231,0.0793509272467903
7232,0.0793509272467903
7233,0.0793509272467903
7234,0.0793509272467903
7235,0.0793509272467903
7236,0.0793509272467903
7237,0.0793509272467903
7238,0.833046471600688
7239,0.0793509272467903
7240,0.0793509272467903
7241,0.0793509272467903
7242,0.717277486910995
7243,0.0793509272467903
7244,0.0793509272467903
7245,0.0793509272467903
7246,0.0793509272467903
7247,0.0793509272467903
7248,0.0793509272467903
7249,0.0793509272467903
7250,0.0793509272467903
7251,0.0793509272467903
7252,0.0793509272467903
7253,0.0793509272467903
7254,0.0793509272467903
7255,0.0793509272467903
7256,0.0793509272467903
7257,0.0793509272467903
7258,0.833046471600688
7259,0.0793509272467903
7260,0.0793509272467903
7261,0.0793509272467903
7262,0.0793509272467903
7263,0.0793509272467903
7264,0.0793509272467903
7265,0.0793509272467903
7266,0.0793509272467903
7267,0.0793509272467903
7268,0.0793509272467903
7269,0.0793509272467903
7270,0.0793509272467903
7271,0.0793509272467903
7272,0.0793509272467903
7273,0.0793509272467903
7274,0.0793509272467903
7275,0.0793509272467903
7276,0.0793509272467903
7277,0.0793509272467903
7278,0.0793509272467903
7279,0.0793509272467903
7280,0.0793509272467903
7281,0.0793509272467903
7282,0.0793509272467903
7283,0.0793509272467903
7284,0.0793509272467903
7285,0.0793509272467903
7286,0.0793509272467903
7287,0.0793509272467903
7288,0.833046471600688
7289,0.0793509272467903
7290,0.0793509272467903
7291,0.0793509272467903
7292,0.0793509272467903
7293,0.0793509272467903
7294,0.0793509272467903
7295,0.0793509272467903
7296,0.0793509272467903
7297,0.0793509272467903
7298,0.0793509272467903
7299,0.0793509272467903
7300,0.0793509272467903
7301,0.0793509272467903
7302,0.0793509272467903
7303,0.0793509272467903
7304,0.0793509272467903
7305,0.0793509272467903
7306,0.0793509272467903
7307,0.0793509272467903
7308,0.833046471600688
7309,0.0793509272467903
7310,0.0793509272467903
7311,0.0793509272467903
7312,0.0793509272467903
7313,0.0793509272467903
7314,0.833046471600688
7315,0.0793509272467903
7316,0.0793509272467903
7317,0.0793509272467903
7318,0.0793509272467903
7319,0.0161290322580645
7320,0.0793509272467903
7321,0.0793509272467903
7322,0.0793509272467903
7323,0.0793509272467903
7324,0.0793509272467903
7325,0.0793509272467903
7326,0.0793509272467903
7327,0.0793509272467903
7328,0.0793509272467903
7329,0.0793509272467903
7330,0.0793509272467903
7331,0.0793509272467903
7332,0.0793509272467903
7333,0.0793509272467903
7334,0.0793509272467903
7335,0.0793509272467903
7336,0.0793509272467903
7337,0.0793509272467903
7338,0.0793509272467903
7339,0.0793509272467903
7340,0.0793509272467903
7341,0.0793509272467903
7342,0.0793509272467903
7343,0.0793509272467903
7344,0.717277486910995
7345,0.0793509272467903
7346,0.0793509272467903
7347,0.0793509272467903
7348,0.0793509272467903
7349,0.833046471600688
7350,0.0793509272467903
7351,0.0793509272467903
7352,0.0793509272467903
7353,0.0793509272467903
7354,0.0793509272467903
7355,0.717277486910995
7356,0.0793509272467903
7357,0.0793509272467903
7358,0.0793509272467903
7359,0.0793509272467903
7360,0.0793509272467903
7361,0.0793509272467903
7362,0.0793509272467903
7363,0.0793509272467903
7364,0.0793509272467903
7365,0.0793509272467903
7366,0.0793509272467903
7367,0.0793509272467903
7368,0.0793509272467903
7369,0.0793509272467903
7370,0.0793509272467903
7371,0.0793509272467903
7372,0.0793509272467903
7373,0.0793509272467903
7374,0.0793509272467903
7375,0.833046471600688
7376,0.0793509272467903
7377,0.0793509272467903
7378,0.0793509272467903
7379,0.0793509272467903
7380,0.0793509272467903
7381,0.0793509272467903
7382,0.0793509272467903
7383,0.0793509272467903
7384,0.0793509272467903
7385,0.0793509272467903
7386,0.0793509272467903
7387,0.0793509272467903
7388,0.0793509272467903
7389,0.0793509272467903
7390,0.0793509272467903
7391,0.0793509272467903
7392,0.0793509272467903
7393,0.833046471600688
7394,0.0793509272467903
7395,0.0793509272467903
7396,0.0793509272467903
7397,0.0793509272467903
7398,0.0793509272467903
7399,0.0793509272467903
7400,0.0793509272467903
7401,0.0793509272467903
7402,0.0793509272467903
7403,0.0793509272467903
7404,0.0793509272467903
7405,0.0793509272467903
7406,0.0793509272467903
7407,0.0793509272467903
7408,0.0793509272467903
7409,0.0793509272467903
7410,0.0793509272467903
7411,0.833046471600688
7412,0.0793509272467903
7413,0.0793509272467903
7414,0.0793509272467903
7415,0.833046471600688
7416,0.0793509272467903
7417,0.0793509272467903
7418,0.0793509272467903
7419,0.288888888888889
7420,0.0793509272467903
7421,0.0793509272467903
7422,0.0793509272467903
7423,0.0793509272467903
7424,0.0793509272467903
7425,0.0793509272467903
7426,0.0793509272467903
7427,0.0161290322580645
7428,0.0793509272467903
7429,0.0793509272467903
7430,0.833046471600688
7431,0.0793509272467903
7432,0.0793509272467903
7433,0.0793509272467903
7434,0.0793509272467903
7435,0.0793509272467903
7436,0.0793509272467903
7437,0.717277486910995
7438,0.0793509272467903
7439,0.0793509272467903
7440,0.0793509272467903
7441,0.0793509272467903
7442,0.0793509272467903
7443,0.0793509272467903
7444,0.0793509272467903
7445,0.833046471600688
7446,0.0793509272467903
7447,0.0793509272467903
7448,0.0793509272467903
7449,0.0793509272467903
7450,0.0793509272467903
7451,0.0793509272467903
7452,0.0793509272467903
7453,0.0793509272467903
7454,0.0793509272467903
7455,0.0793509272467903
7456,0.0793509272467903
7457,0.0793509272467903
7458,0.0793509272467903
7459,0.0793509272467903
7460,0.0793509272467903
7461,0.0793509272467903
7462,0.0793509272467903
7463,0.0793509272467903
7464,0.0793509272467903
7465,0.0793509272467903
7466,0.0793509272467903
7467,0.0793509272467903
7468,0.288888888888889
7469,0.0793509272467903
7470,0.833046471600688
7471,0.0793509272467903
7472,0.0793509272467903
7473,0.288888888888889
7474,0.833046471600688
7475,0.833046471600688
7476,0.0793509272467903
7477,0.0793509272467903
7478,0.0793509272467903
7479,0.0793509272467903
7480,0.0793509272467903
7481,0.0793509272467903
7482,0.0793509272467903
7483,0.0793509272467903
7484,0.0793509272467903
7485,0.0793509272467903
7486,0.0793509272467903
7487,0.0793509272467903
7488,0.0793509272467903
7489,0.0793509272467903
7490,0.0793509272467903
7491,0.0793509272467903
7492,0.0793509272467903
7493,0.0793509272467903
7494,0.0793509272467903
7495,0.833046471600688
7496,0.833046471600688
7497,0.0793509272467903
7498,0.0793509272467903
7499,0.288888888888889
7500,0.0793509272467903
7501,0.0793509272467903
7502,0.833046471600688
7503,0.833046471600688
7504,0.0793509272467903
7505,0.288888888888889
7506,0.0793509272467903
7507,0.0793509272467903
7508,0.0793509272467903
7509,0.833046471600688
7510,0.0793509272467903
7511,0.288888888888889
7512,0.0793509272467903
7513,0.0793509272467903
7514,0.0793509272467903
7515,0.0793509272467903
7516,0.0793509272467903
7517,0.0793509272467903
7518,0.0793509272467903
7519,0.717277486910995
7520,0.0793509272467903
7521,0.0793509272467903
7522,0.0793509272467903
7523,0.0793509272467903
7524,0.0793509272467903
7525,0.0793509272467903
7526,0.0793509272467903
7527,0.833046471600688
7528,0.0793509272467903
7529,0.0793509272467903
7530,0.0793509272467903
7531,0.288888888888889
7532,0.288888888888889
7533,0.833046471600688
7534,0.833046471600688
7535,0.288888888888889
7536,0.0793509272467903
7537,0.0161290322580645
7538,0.833046471600688
7539,0.0793509272467903
7540,0.0793509272467903
7541,0.833046471600688
7542,0.833046471600688
7543,0.0793509272467903
7544,0.833046471600688
7545,0.0793509272467903
7546,0.0793509272467903
7547,0.0793509272467903
7548,0.0793509272467903
7549,0.0793509272467903
7550,0.0793509272467903
7551,0.0793509272467903
7552,0.0793509272467903
7553,0.0793509272467903
7554,0.0793509272467903
7555,0.717277486910995
7556,0.0793509272467903
7557,0.0793509272467903
7558,0.833046471600688
7559,0.0793509272467903
7560,0.0793509272467903
7561,0.0793509272467903
7562,0.0793509272467903
7563,0.0793509272467903
7564,0.0793509272467903
7565,0.0793509272467903
7566,0.0793509272467903
7567,0.0793509272467903
7568,0.0793509272467903
7569,0.0793509272467903
7570,0.0793509272467903
7571,0.0793509272467903
7572,0.0793509272467903
7573,0.833046471600688
7574,0.0793509272467903
7575,0.0793509272467903
7576,0.0793509272467903
7577,0.0793509272467903
7578,0.0793509272467903
7579,0.0793509272467903
7580,0.0793509272467903
7581,0.0793509272467903
7582,0.0793509272467903
7583,0.0793509272467903
7584,0.833046471600688
7585,0.833046471600688
7586,0.0793509272467903
7587,0.0793509272467903
7588,0.0793509272467903
7589,0.0793509272467903
7590,0.0793509272467903
7591,0.0793509272467903
7592,0.0793509272467903
7593,0.0793509272467903
7594,0.0793509272467903
7595,0.0793509272467903
7596,0.0793509272467903
7597,0.0793509272467903
7598,0.0793509272467903
7599,0.0793509272467903
7600,0.0793509272467903
7601,0.0793509272467903
7602,0.0793509272467903
7603,0.0793509272467903
7604,0.0793509272467903
7605,0.0793509272467903
7606,0.0793509272467903
7607,0.0793509272467903
7608,0.0793509272467903
7609,0.0793509272467903
7610,0.0793509272467903
7611,0.0793509272467903
7612,0.0793509272467903
7613,0.0793509272467903
7614,0.833046471600688
7615,0.0793509272467903
7616,0.0793509272467903
7617,0.0793509272467903
7618,0.0793509272467903
7619,0.833046471600688
7620,0.0793509272467903
7621,0.0793509272467903
7622,0.0161290322580645
7623,0.0793509272467903
7624,0.0793509272467903
7625,0.0793509272467903
7626,0.0793509272467903
7627,0.0793509272467903
7628,0.0793509272467903
7629,0.0793509272467903
7630,0.0793509272467903
7631,0.0793509272467903
7632,0.0793509272467903
7633,0.0793509272467903
7634,0.0793509272467903
7635,0.833046471600688
7636,0.833046471600688
7637,0.0793509272467903
7638,0.0793509272467903
7639,0.0793509272467903
7640,0.0793509272467903
7641,0.0793509272467903
7642,0.0793509272467903
7643,0.0793509272467903
7644,0.0793509272467903
7645,0.0793509272467903
7646,0.833046471600688
7647,0.0793509272467903
7648,0.0793509272467903
7649,0.833046471600688
7650,0.0793509272467903
7651,0.0793509272467903
7652,0.0793509272467903
7653,0.0793509272467903
7654,0.0793509272467903
7655,0.0793509272467903
7656,0.0793509272467903
7657,0.0793509272467903
7658,0.0793509272467903
7659,0.0793509272467903
7660,0.0793509272467903
7661,0.0793509272467903
7662,0.0793509272467903
7663,0.0793509272467903
7664,0.0793509272467903
7665,0.0793509272467903
7666,0.0793509272467903
7667,0.0793509272467903
7668,0.0793509272467903
7669,0.0793509272467903
7670,0.0793509272467903
7671,0.0793509272467903
7672,0.0793509272467903
7673,0.717277486910995
7674,0.0793509272467903
7675,0.0793509272467903
7676,0.0793509272467903
7677,0.0793509272467903
7678,0.0793509272467903
7679,0.0793509272467903
7680,0.0793509272467903
7681,0.0793509272467903
7682,0.0793509272467903
7683,0.0793509272467903
7684,0.0793509272467903
7685,0.0793509272467903
7686,0.0793509272467903
7687,0.0793509272467903
7688,0.0793509272467903
7689,0.0793509272467903
7690,0.0793509272467903
7691,0.0793509272467903
7692,0.0793509272467903
7693,0.0793509272467903
7694,0.0793509272467903
7695,0.0793509272467903
7696,0.0793509272467903
7697,0.0793509272467903
7698,0.0793509272467903
7699,0.0793509272467903
7700,0.0793509272467903
7701,0.0793509272467903
7702,0.0793509272467903
7703,0.0793509272467903
7704,0.0793509272467903
7705,0.833046471600688
7706,0.0793509272467903
7707,0.833046471600688
7708,0.0793509272467903
7709,0.0793509272467903
7710,0.0793509272467903
7711,0.0793509272467903
7712,0.0161290322580645
7713,0.0793509272467903
7714,0.0793509272467903
7715,0.0793509272467903
7716,0.0793509272467903
7717,0.0793509272467903
7718,0.0793509272467903
7719,0.0793509272467903
7720,0.0793509272467903
7721,0.0793509272467903
7722,0.0793509272467903
7723,0.0793509272467903
7724,0.0793509272467903
7725,0.833046471600688
7726,0.0793509272467903
7727,0.0793509272467903
7728,0.0793509272467903
7729,0.0793509272467903
7730,0.0793509272467903
7731,0.0793509272467903
7732,0.0793509272467903
7733,0.0793509272467903
7734,0.833046471600688
7735,0.0793509272467903
7736,0.0793509272467903
7737,0.0793509272467903
7738,0.0793509272467903
7739,0.0793509272467903
7740,0.0793509272467903
7741,0.0793509272467903
7742,0.833046471600688
7743,0.833046471600688
7744,0.0793509272467903
7745,0.0793509272467903
7746,0.0793509272467903
7747,0.0793509272467903
7748,0.288888888888889
7749,0.0793509272467903
7750,0.0793509272467903
7751,0.0793509272467903
7752,0.0793509272467903
7753,0.0793509272467903
7754,0.0793509272467903
7755,0.0793509272467903
7756,0.0793509272467903
7757,0.0793509272467903
7758,0.0793509272467903
7759,0.833046471600688
7760,0.0793509272467903
7761,0.0793509272467903
7762,0.0793509272467903
7763,0.0793509272467903
7764,0.0793509272467903
7765,0.0793509272467903
7766,0.0793509272467903
7767,0.0793509272467903
7768,0.0793509272467903
7769,0.0793509272467903
7770,0.0793509272467903
7771,0.0793509272467903
7772,0.0793509272467903
7773,0.0793509272467903
7774,0.0793509272467903
7775,0.0793509272467903
7776,0.0793509272467903
7777,0.717277486910995
7778,0.0793509272467903
7779,0.0793509272467903
7780,0.0793509272467903
7781,0.0793509272467903
7782,0.0793509272467903
7783,0.0793509272467903
7784,0.0793509272467903
7785,0.0793509272467903
7786,0.0793509272467903
7787,0.0793509272467903
7788,0.0793509272467903
7789,0.717277486910995
7790,0.0793509272467903
7791,0.0793509272467903
7792,0.0793509272467903
7793,0.0793509272467903
7794,0.0793509272467903
7795,0.0793509272467903
7796,0.0793509272467903
7797,0.0793509272467903
7798,0.717277486910995
7799,0.0793509272467903
7800,0.0793509272467903
7801,0.0793509272467903
7802,0.0793509272467903
7803,0.0793509272467903
7804,0.0793509272467903
7805,0.0793509272467903
7806,0.0793509272467903
7807,0.0793509272467903
7808,0.0793509272467903
7809,0.0793509272467903
7810,0.0793509272467903
7811,0.0793509272467903
7812,0.0793509272467903
7813,0.0793509272467903
7814,0.0793509272467903
7815,0.0793509272467903
7816,0.0793509272467903
7817,0.0793509272467903
7818,0.0793509272467903
7819,0.0793509272467903
7820,0.0793509272467903
7821,0.0793509272467903
7822,0.0793509272467903
7823,0.0793509272467903
7824,0.0793509272467903
7825,0.0793509272467903
7826,0.0793509272467903
7827,0.833046471600688
7828,0.0793509272467903
7829,0.833046471600688
7830,0.0793509272467903
7831,0.0793509272467903
7832,0.0793509272467903
7833,0.0793509272467903
7834,0.0793509272467903
7835,0.833046471600688
7836,0.0161290322580645
7837,0.0793509272467903
7838,0.0793509272467903
7839,0.0793509272467903
7840,0.0793509272467903
7841,0.0793509272467903
7842,0.0793509272467903
7843,0.0793509272467903
7844,0.0793509272467903
7845,0.0793509272467903
7846,0.0793509272467903
7847,0.0793509272467903
7848,0.0793509272467903
7849,0.0793509272467903
7850,0.0793509272467903
7851,0.0793509272467903
7852,0.0793509272467903
7853,0.0793509272467903
7854,0.0793509272467903
7855,0.833046471600688
7856,0.717277486910995
7857,0.0793509272467903
7858,0.0793509272467903
7859,0.0793509272467903
7860,0.0793509272467903
7861,0.0793509272467903
7862,0.0793509272467903
7863,0.0793509272467903
7864,0.833046471600688
7865,0.288888888888889
7866,0.0793509272467903
7867,0.0793509272467903
7868,0.0793509272467903
7869,0.0793509272467903
7870,0.0793509272467903
7871,0.0793509272467903
7872,0.0793509272467903
7873,0.0793509272467903
7874,0.0793509272467903
7875,0.0793509272467903
7876,0.0793509272467903
7877,0.0793509272467903
7878,0.0793509272467903
7879,0.0793509272467903
7880,0.0793509272467903
7881,0.717277486910995
7882,0.0793509272467903
7883,0.833046471600688
7884,0.0793509272467903
7885,0.0793509272467903
7886,0.0793509272467903
7887,0.0793509272467903
7888,0.0793509272467903
7889,0.833046471600688
7890,0.0793509272467903
7891,0.717277486910995
7892,0.0793509272467903
7893,0.0793509272467903
7894,0.0793509272467903
7895,0.0793509272467903
7896,0.0793509272467903
7897,0.0793509272467903
7898,0.0793509272467903
7899,0.0793509272467903
7900,0.0793509272467903
7901,0.0793509272467903
7902,0.0793509272467903
7903,0.0793509272467903
7904,0.0793509272467903
7905,0.0793509272467903
7906,0.0793509272467903
7907,0.0793509272467903
7908,0.0793509272467903
7909,0.0793509272467903
7910,0.0793509272467903
7911,0.0793509272467903
7912,0.0793509272467903
7913,0.0793509272467903
7914,0.0793509272467903
7915,0.0793509272467903
7916,0.0793509272467903
7917,0.0793509272467903
7918,0.0793509272467903
7919,0.0793509272467903
7920,0.0793509272467903
7921,0.0793509272467903
7922,0.0793509272467903
7923,0.833046471600688
7924,0.0793509272467903
7925,0.0793509272467903
7926,0.0793509272467903
7927,0.717277486910995
7928,0.0793509272467903
7929,0.0793509272467903
7930,0.717277486910995
7931,0.717277486910995
7932,0.833046471600688
7933,0.0793509272467903
7934,0.0793509272467903
7935,0.0793509272467903
7936,0.0793509272467903
7937,0.0793509272467903
7938,0.0793509272467903
7939,0.833046471600688
7940,0.0793509272467903
7941,0.0793509272467903
7942,0.0793509272467903
7943,0.0793509272467903
7944,0.0793509272467903
7945,0.0793509272467903
7946,0.0793509272467903
7947,0.0793509272467903
7948,0.0793509272467903
7949,0.0793509272467903
7950,0.0793509272467903
7951,0.0793509272467903
7952,0.0793509272467903
7953,0.0793509272467903
7954,0.0793509272467903
7955,0.0793509272467903
7956,0.0793509272467903
7957,0.0793509272467903
7958,0.0793509272467903
7959,0.717277486910995
7960,0.288888888888889
7961,0.0793509272467903
7962,0.0793509272467903
7963,0.0793509272467903
7964,0.0793509272467903
7965,0.0793509272467903
7966,0.0793509272467903
7967,0.0793509272467903
7968,0.0793509272467903
7969,0.717277486910995
7970,0.0793509272467903
7971,0.0793509272467903
7972,0.0793509272467903
7973,0.0793509272467903
7974,0.0793509272467903
7975,0.0793509272467903
7976,0.0793509272467903
7977,0.0793509272467903
7978,0.833046471600688
7979,0.0793509272467903
7980,0.0793509272467903
7981,0.0793509272467903
7982,0.0793509272467903
7983,0.717277486910995
7984,0.0793509272467903
7985,0.0793509272467903
7986,0.717277486910995
7987,0.0793509272467903
7988,0.0793509272467903
7989,0.833046471600688
7990,0.0793509272467903
7991,0.0793509272467903
7992,0.0793509272467903
7993,0.0793509272467903
7994,0.0793509272467903
7995,0.0793509272467903
7996,0.0793509272467903
7997,0.0793509272467903
7998,0.0793509272467903
7999,0.0793509272467903
8000,0.0793509272467903
8001,0.0793509272467903
8002,0.0793509272467903
8003,0.0793509272467903
8004,0.0793509272467903
8005,0.0793509272467903
8006,0.0793509272467903
8007,0.0793509272467903
8008,0.0793509272467903
8009,0.0793509272467903
8010,0.0793509272467903
8011,0.0793509272467903
8012,0.0793509272467903
8013,0.0793509272467903
8014,0.288888888888889
8015,0.0793509272467903
8016,0.833046471600688
8017,0.833046471600688
8018,0.833046471600688
8019,0.833046471600688
8020,0.0793509272467903
8021,0.833046471600688
8022,0.0793509272467903
8023,0.0793509272467903
8024,0.0793509272467903
8025,0.0793509272467903
8026,0.833046471600688
8027,0.0161290322580645
8028,0.833046471600688
8029,0.0793509272467903
8030,0.0793509272467903
8031,0.0793509272467903
8032,0.0793509272467903
8033,0.0793509272467903
8034,0.0793509272467903
8035,0.0793509272467903
8036,0.0793509272467903
8037,0.0793509272467903
8038,0.0793509272467903
8039,0.833046471600688
8040,0.0793509272467903
8041,0.0793509272467903
8042,0.0793509272467903
8043,0.717277486910995
8044,0.833046471600688
8045,0.0793509272467903
8046,0.0161290322580645
8047,0.0793509272467903
8048,0.0793509272467903
8049,0.0793509272467903
8050,0.0793509272467903
8051,0.0793509272467903
8052,0.0793509272467903
8053,0.833046471600688
8054,0.0793509272467903
8055,0.833046471600688
8056,0.0793509272467903
8057,0.833046471600688
8058,0.288888888888889
8059,0.0793509272467903
8060,0.0793509272467903
8061,0.0793509272467903
8062,0.0793509272467903
8063,0.0793509272467903
8064,0.0793509272467903
8065,0.0793509272467903
8066,0.833046471600688
8067,0.0793509272467903
8068,0.0793509272467903
8069,0.0793509272467903
8070,0.833046471600688
8071,0.0793509272467903
8072,0.0793509272467903
8073,0.0793509272467903
8074,0.833046471600688
8075,0.0793509272467903
8076,0.0793509272467903
8077,0.0793509272467903
8078,0.0793509272467903
8079,0.0793509272467903
8080,0.0793509272467903
8081,0.0793509272467903
8082,0.0793509272467903
8083,0.0793509272467903
8084,0.0793509272467903
8085,0.0793509272467903
8086,0.0793509272467903
8087,0.0793509272467903
8088,0.0793509272467903
8089,0.0793509272467903
8090,0.0793509272467903
8091,0.0793509272467903
8092,0.0793509272467903
8093,0.0793509272467903
8094,0.0793509272467903
8095,0.0793509272467903
8096,0.0793509272467903
8097,0.0793509272467903
8098,0.0793509272467903
8099,0.0793509272467903
8100,0.0793509272467903
8101,0.0793509272467903
8102,0.0793509272467903
8103,0.0793509272467903
8104,0.0793509272467903
8105,0.833046471600688
8106,0.0793509272467903
8107,0.833046471600688
8108,0.0161290322580645
8109,0.0793509272467903
8110,0.0793509272467903
8111,0.288888888888889
8112,0.717277486910995
8113,0.0793509272467903
8114,0.0793509272467903
8115,0.0793509272467903
8116,0.0793509272467903
8117,0.0793509272467903
8118,0.0793509272467903
8119,0.0793509272467903
8120,0.0793509272467903
8121,0.0793509272467903
8122,0.833046471600688
8123,0.0793509272467903
8124,0.0793509272467903
8125,0.833046471600688
8126,0.0793509272467903
8127,0.0793509272467903
8128,0.0793509272467903
8129,0.0793509272467903
8130,0.0793509272467903
8131,0.0793509272467903
8132,0.833046471600688
8133,0.0793509272467903
8134,0.0793509272467903
8135,0.0793509272467903
8136,0.717277486910995
8137,0.0793509272467903
8138,0.0793509272467903
8139,0.717277486910995
8140,0.0793509272467903
8141,0.0793509272467903
8142,0.0793509272467903
8143,0.0793509272467903
8144,0.0793509272467903
8145,0.0793509272467903
8146,0.0793509272467903
8147,0.0793509272467903
8148,0.0793509272467903
8149,0.0793509272467903
8150,0.0793509272467903
8151,0.0793509272467903
8152,0.0793509272467903
8153,0.0793509272467903
8154,0.0793509272467903
8155,0.0793509272467903
8156,0.0793509272467903
8157,0.0793509272467903
8158,0.0793509272467903
8159,0.0793509272467903
8160,0.0793509272467903
8161,0.0793509272467903
8162,0.833046471600688
8163,0.0793509272467903
8164,0.0793509272467903
8165,0.0793509272467903
8166,0.0793509272467903
8167,0.0793509272467903
8168,0.717277486910995
8169,0.0793509272467903
8170,0.0793509272467903
8171,0.0793509272467903
8172,0.0793509272467903
8173,0.0793509272467903
8174,0.0793509272467903
8175,0.0793509272467903
8176,0.833046471600688
8177,0.0793509272467903
8178,0.0793509272467903
8179,0.0793509272467903
8180,0.0793509272467903
8181,0.0793509272467903
8182,0.0793509272467903
8183,0.0793509272467903
8184,0.0793509272467903
8185,0.0793509272467903
8186,0.0793509272467903
8187,0.0793509272467903
8188,0.0793509272467903
8189,0.0793509272467903
8190,0.0793509272467903
8191,0.0793509272467903
8192,0.0793509272467903
8193,0.0793509272467903
8194,0.0793509272467903
8195,0.833046471600688
8196,0.833046471600688
8197,0.0793509272467903
8198,0.833046471600688
8199,0.833046471600688
8200,0.0161290322580645
8201,0.0793509272467903
8202,0.0793509272467903
8203,0.0793509272467903
8204,0.0793509272467903
8205,0.0793509272467903
8206,0.0793509272467903
8207,0.0793509272467903
8208,0.0793509272467903
8209,0.0793509272467903
8210,0.0793509272467903
8211,0.0793509272467903
8212,0.0793509272467903
8213,0.0793509272467903
8214,0.833046471600688
8215,0.0793509272467903
8216,0.0793509272467903
8217,0.717277486910995
8218,0.0793509272467903
8219,0.0793509272467903
8220,0.717277486910995
8221,0.833046471600688
8222,0.833046471600688
8223,0.0793509272467903
8224,0.0793509272467903
8225,0.0793509272467903
8226,0.0793509272467903
8227,0.0793509272467903
8228,0.0793509272467903
8229,0.0793509272467903
8230,0.833046471600688
8231,0.0793509272467903
8232,0.0793509272467903
8233,0.0793509272467903
8234,0.0793509272467903
8235,0.0793509272467903
8236,0.0793509272467903
8237,0.0793509272467903
8238,0.0793509272467903
8239,0.0793509272467903
8240,0.0793509272467903
8241,0.0793509272467903
8242,0.0793509272467903
8243,0.288888888888889
8244,0.0793509272467903
8245,0.0793509272467903
8246,0.0793509272467903
8247,0.0793509272467903
8248,0.0793509272467903
8249,0.833046471600688
8250,0.833046471600688
8251,0.833046471600688
8252,0.833046471600688
8253,0.288888888888889
8254,0.0793509272467903
8255,0.0793509272467903
8256,0.833046471600688
8257,0.0793509272467903
8258,0.717277486910995
8259,0.0793509272467903
8260,0.0793509272467903
8261,0.0161290322580645
8262,0.0793509272467903
8263,0.0793509272467903
8264,0.833046471600688
8265,0.0793509272467903
8266,0.0793509272467903
8267,0.717277486910995
8268,0.717277486910995
8269,0.0793509272467903
8270,0.0793509272467903
8271,0.0793509272467903
8272,0.0793509272467903
8273,0.0793509272467903
8274,0.0793509272467903
8275,0.833046471600688
8276,0.0793509272467903
8277,0.0793509272467903
8278,0.0793509272467903
8279,0.0793509272467903
8280,0.0793509272467903
8281,0.0161290322580645
8282,0.0793509272467903
8283,0.717277486910995
8284,0.0793509272467903
8285,0.0793509272467903
8286,0.0793509272467903
8287,0.0793509272467903
8288,0.0793509272467903
8289,0.0793509272467903
8290,0.717277486910995
8291,0.0793509272467903
8292,0.0793509272467903
8293,0.0793509272467903
8294,0.0793509272467903
8295,0.0793509272467903
8296,0.0793509272467903
8297,0.0793509272467903
8298,0.833046471600688
8299,0.833046471600688
8300,0.833046471600688
8301,0.0793509272467903
8302,0.0793509272467903
8303,0.0793509272467903
8304,0.0793509272467903
8305,0.0793509272467903
8306,0.0793509272467903
8307,0.0793509272467903
8308,0.0793509272467903
8309,0.0793509272467903
8310,0.0793509272467903
8311,0.0793509272467903
8312,0.833046471600688
8313,0.0793509272467903
8314,0.0793509272467903
8315,0.288888888888889
8316,0.0161290322580645
8317,0.0793509272467903
8318,0.0793509272467903
8319,0.0793509272467903
8320,0.717277486910995
8321,0.0793509272467903
8322,0.0793509272467903
8323,0.0793509272467903
8324,0.833046471600688
8325,0.833046471600688
8326,0.0793509272467903
8327,0.0793509272467903
8328,0.0793509272467903
8329,0.0793509272467903
8330,0.0793509272467903
8331,0.833046471600688
8332,0.0793509272467903
8333,0.0793509272467903
8334,0.0793509272467903
8335,0.833046471600688
8336,0.0793509272467903
8337,0.0793509272467903
8338,0.0793509272467903
8339,0.0793509272467903
8340,0.0793509272467903
8341,0.0793509272467903
8342,0.0793509272467903
8343,0.0793509272467903
8344,0.0793509272467903
8345,0.0793509272467903
8346,0.0793509272467903
8347,0.0793509272467903
8348,0.0793509272467903
8349,0.0793509272467903
8350,0.0793509272467903
8351,0.0793509272467903
8352,0.0793509272467903
8353,0.0793509272467903
8354,0.0793509272467903
8355,0.0793509272467903
8356,0.0793509272467903
8357,0.0793509272467903
8358,0.833046471600688
8359,0.833046471600688
8360,0.0793509272467903
8361,0.0793509272467903
8362,0.0793509272467903
8363,0.0793509272467903
8364,0.0793509272467903
8365,0.0793509272467903
8366,0.833046471600688
8367,0.0793509272467903
8368,0.833046471600688
8369,0.833046471600688
8370,0.833046471600688
8371,0.0793509272467903
8372,0.0793509272467903
8373,0.0793509272467903
8374,0.0793509272467903
8375,0.833046471600688
8376,0.0793509272467903
8377,0.0793509272467903
8378,0.0793509272467903
8379,0.0793509272467903
8380,0.288888888888889
8381,0.0793509272467903
8382,0.0793509272467903
8383,0.0793509272467903
8384,0.0793509272467903
8385,0.0793509272467903
8386,0.0793509272467903
8387,0.0793509272467903
8388,0.0793509272467903
8389,0.0793509272467903
8390,0.0793509272467903
8391,0.0793509272467903
8392,0.0793509272467903
8393,0.0793509272467903
8394,0.0793509272467903
8395,0.0793509272467903
8396,0.0793509272467903
8397,0.0793509272467903
8398,0.0793509272467903
8399,0.0793509272467903
8400,0.0793509272467903
8401,0.0793509272467903
8402,0.833046471600688
